,Case,Beam Type,Method,n,L/h,k,result
199,442,C-C FG,ASDBT,,5,0.0,10.1099
200,443,C-C FG,ASDBT,,5,0.2,9.5001
201,444,C-C FG,ASDBT,,5,0.5,8.7802
202,445,C-C FG,ASDBT,,5,1.0,7.9848
203,446,C-C FG,ASDBT,,5,2.0,7.2082
204,447,C-C FG,ASDBT,,5,5.0,6.5105
205,448,C-C FG,ASDBT,,5,10.0,6.1918
79,212,C-C FG,ASDBT,,10,0.3,5.874
269,512,C-C FG,ASDBT,,20,0.0,12.2269
270,513,C-C FG,ASDBT,,20,0.2,11.3884
271,514,C-C FG,ASDBT,,20,0.5,10.4354
272,515,C-C FG,ASDBT,,20,1.0,9.4446
273,516,C-C FG,ASDBT,,20,2.0,8.6141
274,517,C-C FG,ASDBT,,20,5.0,8.1569
275,518,C-C FG,ASDBT,,20,10.0,7.8945
86,219,C-C FG,ASDBT,,30,0.3,6.178
93,226,C-C FG,ASDBT,,100,0.3,6.216
339,582,C-F FG,ASDBT,,5,0.0,1.8955
340,583,C-F FG,ASDBT,,5,0.2,1.7663
341,584,C-F FG,ASDBT,,5,0.5,1.6187
342,585,C-F FG,ASDBT,,5,1.0,1.4645
343,586,C-F FG,ASDBT,,5,2.0,1.3341
344,587,C-F FG,ASDBT,,5,5.0,1.2605
345,588,C-F FG,ASDBT,,5,10.0,1.2192
58,191,C-F FG,ASDBT,,10,0.3,0.97
409,652,C-F FG,ASDBT,,20,0.0,1.9496
410,653,C-F FG,ASDBT,,20,0.2,1.8143
411,654,C-F FG,ASDBT,,20,0.5,1.6609
412,655,C-F FG,ASDBT,,20,1.0,1.5022
413,656,C-F FG,ASDBT,,20,2.0,1.3711
414,657,C-F FG,ASDBT,,20,5.0,1.3046
415,658,C-F FG,ASDBT,,20,10.0,1.2653
65,198,C-F FG,ASDBT,,30,0.3,0.976
72,205,C-F FG,ASDBT,,100,0.3,0.977
479,722,S-S FG,ASDBT,,5,0.0,5.1665
480,723,S-S FG,ASDBT,,5,0.2,4.8492
481,724,S-S FG,ASDBT,,5,0.5,4.5435
482,725,S-S FG,ASDBT,,5,1.0,4.2661
483,726,S-S FG,ASDBT,,5,2.0,4.0189
484,727,S-S FG,ASDBT,,5,5.0,3.7179
485,728,S-S FG,ASDBT,,5,10.0,3.464
37,170,S-S FG,ASDBT,,10,0.3,2.736
549,792,S-S FG,ASDBT,,20,0.0,5.4607
550,793,S-S FG,ASDBT,,20,0.2,5.1148
551,794,S-S FG,ASDBT,,20,0.5,4.7885
552,795,S-S FG,ASDBT,,20,1.0,4.5025
553,796,S-S FG,ASDBT,,20,2.0,4.2682
554,797,S-S FG,ASDBT,,20,5.0,4.0062
555,798,S-S FG,ASDBT,,20,10.0,3.7386
16,149,S-S FG,ASDBT,,30,0.0,2.804
23,156,S-S FG,ASDBT,,30,0.0,2.844
44,177,S-S FG,ASDBT,,30,0.3,2.774
30,163,S-S FG,ASDBT,,100,0.0,2.849
51,184,S-S FG,ASDBT,,100,0.3,2.778
94,267,C-C FG,CBT,,5,0.0,12.1826
95,268,C-C FG,CBT,,5,0.2,11.341
96,269,C-C FG,CBT,,5,0.5,10.3875
97,270,C-C FG,CBT,,5,1.0,9.3993
98,271,C-C FG,CBT,,5,2.0,8.5772
99,272,C-C FG,CBT,,5,5.0,8.1515
100,273,C-C FG,CBT,,5,10.0,7.9041
73,206,C-C FG,CBT,,10,0.3,6.188
136,309,C-C FG,CBT,,20,0.0,12.4142
137,310,C-C FG,CBT,,20,0.2,11.5549
138,311,C-C FG,CBT,,20,0.5,10.5871
139,312,C-C FG,CBT,,20,1.0,9.5907
140,313,C-C FG,CBT,,20,2.0,8.3425
141,314,C-C FG,CBT,,20,5.0,8.0797
142,315,C-C FG,CBT,,20,10.0,7.9041
80,213,C-C FG,CBT,,30,0.3,6.216
87,220,C-C FG,CBT,,100,0.3,6.22
101,274,C-F FG,CBT,,5,0.0,1.9385
102,275,C-F FG,CBT,,5,0.2,1.8042
103,276,C-F FG,CBT,,5,0.5,1.6524
104,277,C-F FG,CBT,,5,1.0,1.4954
105,278,C-F FG,CBT,,5,2.0,1.3655
106,279,C-F FG,CBT,,5,5.0,1.2989
107,280,C-F FG,CBT,,5,10.0,1.2593
52,185,C-F FG,CBT,,10,0.3,0.975
143,316,C-F FG,CBT,,20,0.0,1.9525
144,317,C-F FG,CBT,,20,0.2,1.8171
145,318,C-F FG,CBT,,20,0.5,1.6644
146,319,C-F FG,CBT,,20,1.0,1.507
147,320,C-F FG,CBT,,20,2.0,1.3771
148,321,C-F FG,CBT,,20,5.0,1.3105
149,322,C-F FG,CBT,,20,10.0,1.2699
59,192,C-F FG,CBT,,30,0.3,0.977
66,199,C-F FG,CBT,,100,0.3,0.977
108,281,S-S FG,CBT,,5,0.0,5.3953
109,282,S-S FG,CBT,,5,0.2,5.0538
110,283,S-S FG,CBT,,5,0.5,4.7314
111,284,S-S FG,CBT,,5,1.0,4.4488
112,285,S-S FG,CBT,,5,2.0,4.2177
113,286,S-S FG,CBT,,5,5.0,3.9617
114,287,S-S FG,CBT,,5,10.0,3.6977
10,143,S-S FG,CBT,,10,0.0,2.837
31,164,S-S FG,CBT,,10,0.3,2.768
150,323,S-S FG,CBT,,20,0.0,5.4777
151,324,S-S FG,CBT,,20,0.2,5.1299
152,325,S-S FG,CBT,,20,0.5,4.8024
153,326,S-S FG,CBT,,20,1.0,4.5161
154,327,S-S FG,CBT,,20,2.0,4.2832
155,328,S-S FG,CBT,,20,5.0,4.0252
156,329,S-S FG,CBT,,20,10.0,3.7568
17,150,S-S FG,CBT,,30,0.0,2.847
38,171,S-S FG,CBT,,30,0.3,2.778
24,157,S-S FG,CBT,,100,0.0,2.849
45,178,S-S FG,CBT,,100,0.3,2.779
185,428,C-C FG,ESDBT,,5,0.0,10.1099
186,429,C-C FG,ESDBT,,5,0.2,9.5001
187,430,C-C FG,ESDBT,,5,0.5,8.7802
188,431,C-C FG,ESDBT,,5,1.0,7.9848
189,432,C-C FG,ESDBT,,5,2.0,7.2082
190,433,C-C FG,ESDBT,,5,5.0,6.5105
191,434,C-C FG,ESDBT,,5,10.0,6.1918
0,64,C-C FG,ESDBT,,10,0.2,10.9384
76,209,C-C FG,ESDBT,,10,0.3,5.873
255,498,C-C FG,ESDBT,,20,0.0,12.2269
256,499,C-C FG,ESDBT,,20,0.2,11.3884
257,500,C-C FG,ESDBT,,20,0.5,10.4354
258,501,C-C FG,ESDBT,,20,1.0,9.4446
259,502,C-C FG,ESDBT,,20,2.0,8.6141
260,503,C-C FG,ESDBT,,20,5.0,8.1569
261,504,C-C FG,ESDBT,,20,10.0,7.8945
83,216,C-C FG,ESDBT,,30,0.3,6.177
90,223,C-C FG,ESDBT,,100,0.3,6.215
325,568,C-F FG,ESDBT,,5,0.0,1.8959
326,569,C-F FG,ESDBT,,5,0.2,1.7666
327,570,C-F FG,ESDBT,,5,0.5,1.619
328,571,C-F FG,ESDBT,,5,1.0,1.4647
329,572,C-F FG,ESDBT,,5,2.0,1.3342
330,573,C-F FG,ESDBT,,5,5.0,1.2602
331,574,C-F FG,ESDBT,,5,10.0,1.2193
55,188,C-F FG,ESDBT,,10,0.3,0.97
395,638,C-F FG,ESDBT,,20,0.0,1.9496
396,639,C-F FG,ESDBT,,20,0.2,1.8143
397,640,C-F FG,ESDBT,,20,0.5,1.6609
398,641,C-F FG,ESDBT,,20,1.0,1.5022
399,642,C-F FG,ESDBT,,20,2.0,1.3711
400,643,C-F FG,ESDBT,,20,5.0,1.3046
401,644,C-F FG,ESDBT,,20,10.0,1.2653
62,195,C-F FG,ESDBT,,30,0.3,0.977
69,202,C-F FG,ESDBT,,100,0.3,0.977
465,708,S-S FG,ESDBT,,5,0.0,5.1665
466,709,S-S FG,ESDBT,,5,0.2,4.8492
467,710,S-S FG,ESDBT,,5,0.5,4.5435
468,711,S-S FG,ESDBT,,5,1.0,4.2661
469,712,S-S FG,ESDBT,,5,2.0,4.0189
470,713,S-S FG,ESDBT,,5,5.0,3.7179
471,714,S-S FG,ESDBT,,5,10.0,3.464
13,146,S-S FG,ESDBT,,10,0.0,2.804
1,70,S-S FG,ESDBT,,10,0.2,5.057
34,167,S-S FG,ESDBT,,10,0.3,2.737
535,778,S-S FG,ESDBT,,20,0.0,5.4607
536,779,S-S FG,ESDBT,,20,0.2,5.1148
537,780,S-S FG,ESDBT,,20,0.5,4.7885
538,781,S-S FG,ESDBT,,20,1.0,4.5025
539,782,S-S FG,ESDBT,,20,2.0,4.2682
540,783,S-S FG,ESDBT,,20,5.0,4.0062
541,784,S-S FG,ESDBT,,20,10.0,3.7386
20,153,S-S FG,ESDBT,,30,0.0,2.844
41,174,S-S FG,ESDBT,,30,0.3,2.774
27,160,S-S FG,ESDBT,,100,0.0,2.848
48,181,S-S FG,ESDBT,,100,0.3,2.778
77,210,C-C FG,HSDBT,,10,0.3,5.871
84,217,C-C FG,HSDBT,,30,0.3,6.177
91,224,C-C FG,HSDBT,,100,0.3,6.215
56,189,C-F FG,HSDBT,,10,0.3,0.97
63,196,C-F FG,HSDBT,,30,0.3,0.976
70,203,C-F FG,HSDBT,,100,0.3,0.977
14,147,S-S FG,HSDBT,,10,0.0,2.803
35,168,S-S FG,HSDBT,,10,0.3,2.737
21,154,S-S FG,HSDBT,,30,0.0,2.844
42,175,S-S FG,HSDBT,,30,0.3,2.774
28,161,S-S FG,HSDBT,,100,0.0,2.849
49,182,S-S FG,HSDBT,,100,0.3,2.778
234,477,C-C FG,ICDBT,,5,0.0,9.7796
235,478,C-C FG,ICDBT,,5,0.2,9.2031
236,479,C-C FG,ICDBT,,5,0.5,8.5178
237,480,C-C FG,ICDBT,,5,1.0,7.7534
238,481,C-C FG,ICDBT,,5,2.0,6.9967
239,482,C-C FG,ICDBT,,5,5.0,6.3003
240,483,C-C FG,ICDBT,,5,10.0,5.9591
6,124,C-C FG,ICDBT,,10,0.2,10.8303
304,547,C-C FG,ICDBT,,20,0.0,12.1891
305,548,C-C FG,ICDBT,,20,0.2,11.3554
306,549,C-C FG,ICDBT,,20,0.5,10.4069
307,550,C-C FG,ICDBT,,20,1.0,9.4199
308,551,C-C FG,ICDBT,,20,2.0,8.5909
309,552,C-C FG,ICDBT,,20,5.0,8.1306
310,553,C-C FG,ICDBT,,20,10.0,7.8634
374,617,C-F FG,ICDBT,,5,0.0,1.8875
375,618,C-F FG,ICDBT,,5,0.2,1.7593
376,619,C-F FG,ICDBT,,5,0.5,1.613
377,620,C-F FG,ICDBT,,5,1.0,1.4598
378,621,C-F FG,ICDBT,,5,2.0,1.3299
379,622,C-F FG,ICDBT,,5,5.0,1.2551
380,623,C-F FG,ICDBT,,5,10.0,1.2128
444,687,C-F FG,ICDBT,,20,0.0,1.949
445,688,C-F FG,ICDBT,,20,0.2,1.8138
446,689,C-F FG,ICDBT,,20,0.5,1.6606
447,690,C-F FG,ICDBT,,20,1.0,1.5022
448,691,C-F FG,ICDBT,,20,2.0,1.3713
449,692,C-F FG,ICDBT,,20,5.0,1.3047
450,693,C-F FG,ICDBT,,20,10.0,1.2651
514,757,S-S FG,ICDBT,,5,0.0,5.1199
515,758,S-S FG,ICDBT,,5,0.2,4.8074
516,759,S-S FG,ICDBT,,5,0.5,4.505
517,760,S-S FG,ICDBT,,5,1.0,4.2288
518,761,S-S FG,ICDBT,,5,2.0,3.9802
519,762,S-S FG,ICDBT,,5,5.0,3.6766
520,763,S-S FG,ICDBT,,5,10.0,3.4209
7,130,S-S FG,ICDBT,,10,0.2,5.0454
584,827,S-S FG,ICDBT,,20,0.0,5.4572
585,828,S-S FG,ICDBT,,20,0.2,5.1116
586,829,S-S FG,ICDBT,,20,0.5,4.7856
587,830,S-S FG,ICDBT,,20,1.0,4.4997
588,831,S-S FG,ICDBT,,20,2.0,4.2652
589,832,S-S FG,ICDBT,,20,5.0,4.0029
590,833,S-S FG,ICDBT,,20,10.0,3.7351
227,470,C-C FG,ISDBT,,5,0.0,9.7797
228,471,C-C FG,ISDBT,,5,0.2,9.203
229,472,C-C FG,ISDBT,,5,0.5,8.5177
230,473,C-C FG,ISDBT,,5,1.0,7.7534
231,474,C-C FG,ISDBT,,5,2.0,6.9967
232,475,C-C FG,ISDBT,,5,5.0,6.3003
233,476,C-C FG,ISDBT,,5,10.0,5.9591
4,112,C-C FG,ISDBT,,10,0.2,10.8303
297,540,C-C FG,ISDBT,,20,0.0,12.1891
298,541,C-C FG,ISDBT,,20,0.2,11.3554
299,542,C-C FG,ISDBT,,20,0.5,10.4069
300,543,C-C FG,ISDBT,,20,1.0,9.4199
301,544,C-C FG,ISDBT,,20,2.0,8.5909
302,545,C-C FG,ISDBT,,20,5.0,8.1306
303,546,C-C FG,ISDBT,,20,10.0,7.8634
367,610,C-F FG,ISDBT,,5,0.0,1.8872
368,611,C-F FG,ISDBT,,5,0.2,1.759
369,612,C-F FG,ISDBT,,5,0.5,1.6125
370,613,C-F FG,ISDBT,,5,1.0,1.4591
371,614,C-F FG,ISDBT,,5,2.0,1.3289
372,615,C-F FG,ISDBT,,5,5.0,1.2543
373,616,C-F FG,ISDBT,,5,10.0,1.2123
437,680,C-F FG,ISDBT,,20,0.0,1.949
438,681,C-F FG,ISDBT,,20,0.2,1.8138
439,682,C-F FG,ISDBT,,20,0.5,1.6604
440,683,C-F FG,ISDBT,,20,1.0,1.5018
441,684,C-F FG,ISDBT,,20,2.0,1.3707
442,685,C-F FG,ISDBT,,20,5.0,1.3042
443,686,C-F FG,ISDBT,,20,10.0,1.2648
507,750,S-S FG,ISDBT,,5,0.0,5.1199
508,751,S-S FG,ISDBT,,5,0.2,4.8073
509,752,S-S FG,ISDBT,,5,0.5,4.505
510,753,S-S FG,ISDBT,,5,1.0,4.2288
511,754,S-S FG,ISDBT,,5,2.0,3.9802
512,755,S-S FG,ISDBT,,5,5.0,3.6766
513,756,S-S FG,ISDBT,,5,10.0,3.4209
5,118,S-S FG,ISDBT,,10,0.2,5.0452
577,820,S-S FG,ISDBT,,20,0.0,5.4572
578,821,S-S FG,ISDBT,,20,0.2,5.1116
579,822,S-S FG,ISDBT,,20,0.5,4.7856
580,823,S-S FG,ISDBT,,20,1.0,4.4997
581,824,S-S FG,ISDBT,,20,2.0,4.2652
582,825,S-S FG,ISDBT,,20,5.0,4.0029
583,826,S-S FG,ISDBT,,20,10.0,3.7351
241,484,C-C FG,ITDBT,,5,0.0,9.7966
242,485,C-C FG,ITDBT,,5,0.2,9.2179
243,486,C-C FG,ITDBT,,5,0.5,8.5311
244,487,C-C FG,ITDBT,,5,1.0,7.7653
245,488,C-C FG,ITDBT,,5,2.0,7.003
246,489,C-C FG,ITDBT,,5,5.0,6.2911
247,490,C-C FG,ITDBT,,5,10.0,5.962
8,136,C-C FG,ITDBT,,10,0.2,10.8313
311,554,C-C FG,ITDBT,,20,0.0,12.1894
312,555,C-C FG,ITDBT,,20,0.2,11.3556
313,556,C-C FG,ITDBT,,20,0.5,10.4072
314,557,C-C FG,ITDBT,,20,1.0,9.4201
315,558,C-C FG,ITDBT,,20,2.0,8.5903
316,559,C-C FG,ITDBT,,20,5.0,8.1274
317,560,C-C FG,ITDBT,,20,10.0,7.8618
381,624,C-F FG,ITDBT,,5,0.0,1.8874
382,625,C-F FG,ITDBT,,5,0.2,1.7592
383,626,C-F FG,ITDBT,,5,0.5,1.6126
384,627,C-F FG,ITDBT,,5,1.0,1.4592
385,628,C-F FG,ITDBT,,5,2.0,1.3289
386,629,C-F FG,ITDBT,,5,5.0,1.2537
387,630,C-F FG,ITDBT,,5,10.0,1.2121
451,694,C-F FG,ITDBT,,20,0.0,1.949
452,695,C-F FG,ITDBT,,20,0.2,1.8138
453,696,C-F FG,ITDBT,,20,0.5,1.6604
454,697,C-F FG,ITDBT,,20,1.0,1.5018
455,698,C-F FG,ITDBT,,20,2.0,1.3707
456,699,C-F FG,ITDBT,,20,5.0,1.3041
457,700,C-F FG,ITDBT,,20,10.0,1.2647
521,764,S-S FG,ITDBT,,5,0.0,5.1228
522,765,S-S FG,ITDBT,,5,0.2,4.8099
523,766,S-S FG,ITDBT,,5,0.5,4.5074
524,767,S-S FG,ITDBT,,5,1.0,4.2311
525,768,S-S FG,ITDBT,,5,2.0,3.9817
526,769,S-S FG,ITDBT,,5,5.0,3.6752
527,770,S-S FG,ITDBT,,5,10.0,3.4219
9,142,S-S FG,ITDBT,,10,0.2,5.0454
591,834,S-S FG,ITDBT,,20,0.0,5.4572
592,835,S-S FG,ITDBT,,20,0.2,5.1116
593,836,S-S FG,ITDBT,,20,0.5,4.7856
594,837,S-S FG,ITDBT,,20,1.0,4.4997
595,838,S-S FG,ITDBT,,20,2.0,4.2652
596,839,S-S FG,ITDBT,,20,5.0,4.0026
597,840,S-S FG,ITDBT,,20,10.0,3.735
206,449,C-C FG,PESDBT,1.0,5,0.0,10.0858
213,456,C-C FG,PESDBT,5.0,5,0.0,10.1767
220,463,C-C FG,PESDBT,10.0,5,0.0,10.2373
207,450,C-C FG,PESDBT,1.0,5,0.2,9.4789
214,457,C-C FG,PESDBT,5.0,5,0.2,9.5581
221,464,C-C FG,PESDBT,10.0,5,0.2,9.6093
208,451,C-C FG,PESDBT,1.0,5,0.5,8.7614
215,458,C-C FG,PESDBT,5.0,5,0.5,8.8294
222,465,C-C FG,PESDBT,10.0,5,0.5,8.8136
209,452,C-C FG,PESDBT,1.0,5,1.0,7.968
216,459,C-C FG,PESDBT,5.0,5,1.0,8.0314
223,466,C-C FG,PESDBT,10.0,5,1.0,8.0735
210,453,C-C FG,PESDBT,1.0,5,2.0,7.1963
217,460,C-C FG,PESDBT,5.0,5,2.0,7.2837
224,467,C-C FG,PESDBT,10.0,5,2.0,7.3335
211,454,C-C FG,PESDBT,1.0,5,5.0,6.512
218,461,C-C FG,PESDBT,5.0,5,5.0,6.6822
225,468,C-C FG,PESDBT,10.0,5,5.0,6.7596
212,455,C-C FG,PESDBT,1.0,5,10.0,6.1809
219,462,C-C FG,PESDBT,5.0,5,10.0,6.3258
226,469,C-C FG,PESDBT,10.0,5,10.0,6.4115
276,519,C-C FG,PESDBT,1.0,20,0.0,12.2256
283,526,C-C FG,PESDBT,5.0,20,0.0,12.2396
290,533,C-C FG,PESDBT,10.0,20,0.0,12.2464
277,520,C-C FG,PESDBT,1.0,20,0.2,11.3873
284,527,C-C FG,PESDBT,5.0,20,0.2,11.3991
291,534,C-C FG,PESDBT,10.0,20,0.2,11.4047
278,521,C-C FG,PESDBT,1.0,20,0.5,10.4344
285,528,C-C FG,PESDBT,5.0,20,0.5,10.4443
292,535,C-C FG,PESDBT,10.0,20,0.5,10.4491
279,522,C-C FG,PESDBT,1.0,20,1.0,9.4438
286,529,C-C FG,PESDBT,5.0,20,1.0,9.4529
293,536,C-C FG,PESDBT,10.0,20,1.0,9.4574
280,523,C-C FG,PESDBT,1.0,20,2.0,8.6138
287,530,C-C FG,PESDBT,5.0,20,2.0,8.626
294,537,C-C FG,PESDBT,10.0,20,2.0,8.6314
281,524,C-C FG,PESDBT,1.0,20,5.0,8.1587
288,531,C-C FG,PESDBT,5.0,20,5.0,8.1834
295,538,C-C FG,PESDBT,10.0,20,5.0,8.1925
282,525,C-C FG,PESDBT,1.0,20,10.0,7.8947
289,532,C-C FG,PESDBT,5.0,20,10.0,7.9178
296,539,C-C FG,PESDBT,10.0,20,10.0,7.9285
346,589,C-F FG,PESDBT,1.0,5,0.0,1.8955
353,596,C-F FG,PESDBT,5.0,5,0.0,1.8983
360,603,C-F FG,PESDBT,10.0,5,0.0,1.8999
347,590,C-F FG,PESDBT,1.0,5,0.2,1.7663
354,597,C-F FG,PESDBT,5.0,5,0.2,1.7687
361,604,C-F FG,PESDBT,10.0,5,0.2,1.77
348,591,C-F FG,PESDBT,1.0,5,0.5,1.6187
355,598,C-F FG,PESDBT,5.0,5,0.5,1.6207
362,605,C-F FG,PESDBT,10.0,5,0.5,1.6218
349,592,C-F FG,PESDBT,1.0,5,1.0,1.4645
356,599,C-F FG,PESDBT,5.0,5,1.0,1.4664
363,606,C-F FG,PESDBT,10.0,5,1.0,1.4674
350,593,C-F FG,PESDBT,1.0,5,2.0,1.3341
357,600,C-F FG,PESDBT,5.0,5,2.0,1.3366
364,607,C-F FG,PESDBT,10.0,5,2.0,1.3378
351,594,C-F FG,PESDBT,1.0,5,5.0,1.2605
358,601,C-F FG,PESDBT,5.0,5,5.0,1.2658
365,608,C-F FG,PESDBT,10.0,5,5.0,1.2678
352,595,C-F FG,PESDBT,1.0,5,10.0,1.2192
359,602,C-F FG,PESDBT,5.0,5,10.0,1.2241
366,609,C-F FG,PESDBT,10.0,5,10.0,1.2265
416,659,C-F FG,PESDBT,1.0,20,0.0,1.9496
423,666,C-F FG,PESDBT,5.0,20,0.0,1.9498
430,673,C-F FG,PESDBT,10.0,20,0.0,1.9499
417,660,C-F FG,PESDBT,1.0,20,0.2,1.8143
424,667,C-F FG,PESDBT,5.0,20,0.2,1.8145
431,674,C-F FG,PESDBT,10.0,20,0.2,1.8146
418,661,C-F FG,PESDBT,1.0,20,0.5,1.6609
425,668,C-F FG,PESDBT,5.0,20,0.5,1.661
432,675,C-F FG,PESDBT,10.0,20,0.5,1.6611
419,662,C-F FG,PESDBT,1.0,20,1.0,1.5021
426,669,C-F FG,PESDBT,5.0,20,1.0,1.5023
433,676,C-F FG,PESDBT,10.0,20,1.0,1.5024
420,663,C-F FG,PESDBT,1.0,20,2.0,1.3711
427,670,C-F FG,PESDBT,5.0,20,2.0,1.3713
434,677,C-F FG,PESDBT,10.0,20,2.0,1.3714
421,664,C-F FG,PESDBT,1.0,20,5.0,1.3046
428,671,C-F FG,PESDBT,5.0,20,5.0,1.305
435,678,C-F FG,PESDBT,10.0,20,5.0,1.3052
422,665,C-F FG,PESDBT,1.0,20,10.0,1.2653
429,672,C-F FG,PESDBT,5.0,20,10.0,1.2656
436,679,C-F FG,PESDBT,10.0,20,10.0,1.2658
486,729,S-S FG,PESDBT,1.0,5,0.0,5.1629
493,736,S-S FG,PESDBT,5.0,5,0.0,5.1729
500,743,S-S FG,PESDBT,10.0,5,0.0,5.1807
487,730,S-S FG,PESDBT,1.0,5,0.2,4.8459
494,737,S-S FG,PESDBT,5.0,5,0.2,4.8546
501,744,S-S FG,PESDBT,10.0,5,0.2,4.8612
488,731,S-S FG,PESDBT,1.0,5,0.5,4.5405
495,738,S-S FG,PESDBT,5.0,5,0.5,4.5483
502,745,S-S FG,PESDBT,10.0,5,0.5,4.5542
489,732,S-S FG,PESDBT,1.0,5,1.0,4.2632
496,739,S-S FG,PESDBT,5.0,5,1.0,4.2712
503,746,S-S FG,PESDBT,10.0,5,1.0,4.2775
490,733,S-S FG,PESDBT,1.0,5,2.0,4.0165
497,740,S-S FG,PESDBT,5.0,5,2.0,4.0299
504,747,S-S FG,PESDBT,10.0,5,2.0,4.0383
491,734,S-S FG,PESDBT,1.0,5,5.0,3.7178
498,741,S-S FG,PESDBT,5.0,5,5.0,3.7469
505,748,S-S FG,PESDBT,10.0,5,5.0,3.7603
492,735,S-S FG,PESDBT,1.0,5,10.0,3.4617
499,742,S-S FG,PESDBT,5.0,5,10.0,3.4846
506,749,S-S FG,PESDBT,10.0,5,10.0,3.4986
556,799,S-S FG,PESDBT,1.0,20,0.0,5.4606
563,806,S-S FG,PESDBT,5.0,20,0.0,5.4618
570,813,S-S FG,PESDBT,10.0,20,0.0,5.4624
557,800,S-S FG,PESDBT,1.0,20,0.2,5.1147
564,807,S-S FG,PESDBT,5.0,20,0.2,5.1157
571,814,S-S FG,PESDBT,10.0,20,0.2,5.1163
558,801,S-S FG,PESDBT,1.0,20,0.5,4.7884
565,808,S-S FG,PESDBT,5.0,20,0.5,4.7893
572,815,S-S FG,PESDBT,10.0,20,0.5,4.7898
559,802,S-S FG,PESDBT,1.0,20,1.0,4.5024
566,809,S-S FG,PESDBT,5.0,20,1.0,4.5034
573,816,S-S FG,PESDBT,10.0,20,1.0,4.5039
560,803,S-S FG,PESDBT,1.0,20,2.0,4.2682
567,810,S-S FG,PESDBT,5.0,20,2.0,4.2697
574,817,S-S FG,PESDBT,10.0,20,2.0,4.2704
561,804,S-S FG,PESDBT,1.0,20,5.0,4.0064
568,811,S-S FG,PESDBT,5.0,20,5.0,4.0094
575,818,S-S FG,PESDBT,10.0,20,5.0,4.0105
562,805,S-S FG,PESDBT,1.0,20,10.0,3.7386
569,812,S-S FG,PESDBT,5.0,20,10.0,3.7411
576,819,S-S FG,PESDBT,10.0,20,10.0,3.7423
178,421,C-C FG,PSDBT,,5,0.0,10.0858
179,422,C-C FG,PSDBT,,5,0.2,9.4789
180,423,C-C FG,PSDBT,,5,0.5,8.7614
181,424,C-C FG,PSDBT,,5,1.0,7.968
182,425,C-C FG,PSDBT,,5,2.0,7.1963
183,426,C-C FG,PSDBT,,5,5.0,6.512
184,427,C-C FG,PSDBT,,5,10.0,6.1809
75,208,C-C FG,PSDBT,,10,0.3,5.874
248,491,C-C FG,PSDBT,,20,0.0,12.2256
249,492,C-C FG,PSDBT,,20,0.2,11.3873
250,493,C-C FG,PSDBT,,20,0.5,10.4344
251,494,C-C FG,PSDBT,,20,1.0,9.4438
252,495,C-C FG,PSDBT,,20,2.0,8.6138
253,496,C-C FG,PSDBT,,20,5.0,8.1587
254,497,C-C FG,PSDBT,,20,10.0,7.8947
82,215,C-C FG,PSDBT,,30,0.3,6.178
89,222,C-C FG,PSDBT,,100,0.3,6.215
318,561,C-F FG,PSDBT,,5,0.0,1.8955
319,562,C-F FG,PSDBT,,5,0.2,1.7663
320,563,C-F FG,PSDBT,,5,0.5,1.6187
321,564,C-F FG,PSDBT,,5,1.0,1.4645
322,565,C-F FG,PSDBT,,5,2.0,1.3341
323,566,C-F FG,PSDBT,,5,5.0,1.2605
324,567,C-F FG,PSDBT,,5,10.0,1.2192
54,187,C-F FG,PSDBT,,10,0.3,0.97
388,631,C-F FG,PSDBT,,20,0.0,1.9496
389,632,C-F FG,PSDBT,,20,0.2,1.8143
390,633,C-F FG,PSDBT,,20,0.5,1.6609
391,634,C-F FG,PSDBT,,20,1.0,1.5021
392,635,C-F FG,PSDBT,,20,2.0,1.3711
393,636,C-F FG,PSDBT,,20,5.0,1.3046
394,637,C-F FG,PSDBT,,20,10.0,1.2653
61,194,C-F FG,PSDBT,,30,0.3,0.976
68,201,C-F FG,PSDBT,,100,0.3,0.977
458,701,S-S FG,PSDBT,,5,0.0,5.1629
459,702,S-S FG,PSDBT,,5,0.2,4.8459
460,703,S-S FG,PSDBT,,5,0.5,4.5405
461,704,S-S FG,PSDBT,,5,1.0,4.2632
462,705,S-S FG,PSDBT,,5,2.0,4.0165
463,706,S-S FG,PSDBT,,5,5.0,3.7178
464,707,S-S FG,PSDBT,,5,10.0,3.4617
12,145,S-S FG,PSDBT,,10,0.0,2.803
33,166,S-S FG,PSDBT,,10,0.3,2.736
528,771,S-S FG,PSDBT,,20,0.0,5.4606
529,772,S-S FG,PSDBT,,20,0.2,5.1147
530,773,S-S FG,PSDBT,,20,0.5,4.7884
531,774,S-S FG,PSDBT,,20,1.0,4.5024
532,775,S-S FG,PSDBT,,20,2.0,4.2682
533,776,S-S FG,PSDBT,,20,5.0,4.0064
534,777,S-S FG,PSDBT,,20,10.0,3.7386
19,152,S-S FG,PSDBT,,30,0.0,2.844
40,173,S-S FG,PSDBT,,30,0.3,2.774
26,159,S-S FG,PSDBT,,100,0.0,2.849
47,180,S-S FG,PSDBT,,100,0.3,2.778
115,288,C-C FG,TBT,,5,0.0,10.0456
116,289,C-C FG,TBT,,5,0.2,9.4267
117,290,C-C FG,TBT,,5,0.5,8.7121
118,291,C-C FG,TBT,,5,1.0,7.9401
119,292,C-C FG,TBT,,5,2.0,7.2281
120,293,C-C FG,TBT,,5,5.0,6.6826
121,294,C-C FG,TBT,,5,10.0,6.3525
74,207,C-C FG,TBT,,10,0.3,5.881
157,330,C-C FG,TBT,,20,0.0,12.2252
158,331,C-C FG,TBT,,20,0.2,11.385
159,332,C-C FG,TBT,,20,0.5,10.432
160,333,C-C FG,TBT,,20,1.0,9.4435
161,334,C-C FG,TBT,,20,2.0,8.6203
162,335,C-C FG,TBT,,20,5.0,8.1838
163,336,C-C FG,TBT,,20,10.0,7.9215
81,214,C-C FG,TBT,,30,0.3,6.179
88,221,C-C FG,TBT,,100,0.3,6.216
122,295,C-F FG,TBT,,5,0.0,1.9021
123,296,C-F FG,TBT,,5,0.2,1.7717
124,297,C-F FG,TBT,,5,0.5,1.6233
125,298,C-F FG,TBT,,5,1.0,1.4688
126,299,C-F FG,TBT,,5,2.0,1.3396
127,300,C-F FG,TBT,,5,5.0,1.2706
128,301,C-F FG,TBT,,5,10.0,1.2301
53,186,C-F FG,TBT,,10,0.3,0.971
164,337,C-F FG,TBT,,20,0.0,1.9501
165,338,C-F FG,TBT,,20,0.2,1.8147
166,339,C-F FG,TBT,,20,0.5,1.6612
167,340,C-F FG,TBT,,20,1.0,1.5025
168,341,C-F FG,TBT,,20,2.0,1.3715
169,342,C-F FG,TBT,,20,5.0,1.3105
170,343,C-F FG,TBT,,20,10.0,1.2661
60,193,C-F FG,TBT,,30,0.3,0.977
67,200,C-F FG,TBT,,100,0.3,0.977
129,302,S-S FG,TBT,,5,0.0,5.1546
130,303,S-S FG,TBT,,5,0.2,4.8364
131,304,S-S FG,TBT,,5,0.5,4.5313
132,305,S-S FG,TBT,,5,1.0,4.2566
133,306,S-S FG,TBT,,5,2.0,4.0198
134,307,S-S FG,TBT,,5,5.0,3.7464
135,308,S-S FG,TBT,,5,10.0,3.4886
11,144,S-S FG,TBT,,10,0.0,2.805
32,165,S-S FG,TBT,,10,0.3,2.738
171,344,S-S FG,TBT,,20,0.0,5.4605
172,345,S-S FG,TBT,,20,0.2,5.1144
173,346,S-S FG,TBT,,20,0.5,4.7881
174,347,S-S FG,TBT,,20,1.0,4.5023
175,348,S-S FG,TBT,,20,2.0,4.269
176,349,S-S FG,TBT,,20,5.0,4.0095
177,350,S-S FG,TBT,,20,10.0,3.7415
18,151,S-S FG,TBT,,30,0.0,2.844
39,172,S-S FG,TBT,,30,0.3,2.774
25,158,S-S FG,TBT,,100,0.0,2.848
46,179,S-S FG,TBT,,100,0.3,2.778
192,435,C-C FG,TSDBT,,5,0.0,10.1099
193,436,C-C FG,TSDBT,,5,0.2,9.5001
194,437,C-C FG,TSDBT,,5,0.5,8.7802
195,438,C-C FG,TSDBT,,5,1.0,7.9848
196,439,C-C FG,TSDBT,,5,2.0,7.2082
197,440,C-C FG,TSDBT,,5,5.0,6.5105
198,441,C-C FG,TSDBT,,5,10.0,6.1918
2,76,C-C FG,TSDBT,,10,0.2,10.9357
78,211,C-C FG,TSDBT,,10,0.3,5.993
262,505,C-C FG,TSDBT,,20,0.0,12.2269
263,506,C-C FG,TSDBT,,20,0.2,11.3884
264,507,C-C FG,TSDBT,,20,0.5,10.4354
265,508,C-C FG,TSDBT,,20,1.0,9.4446
266,509,C-C FG,TSDBT,,20,2.0,8.6141
267,510,C-C FG,TSDBT,,20,5.0,8.1569
268,511,C-C FG,TSDBT,,20,10.0,7.8945
85,218,C-C FG,TSDBT,,30,0.3,6.193
92,225,C-C FG,TSDBT,,100,0.3,6.215
332,575,C-F FG,TSDBT,,5,0.0,1.8956
333,576,C-F FG,TSDBT,,5,0.2,1.7664
334,577,C-F FG,TSDBT,,5,0.5,1.6188
335,578,C-F FG,TSDBT,,5,1.0,1.4646
336,579,C-F FG,TSDBT,,5,2.0,1.3341
337,580,C-F FG,TSDBT,,5,5.0,1.2603
338,581,C-F FG,TSDBT,,5,10.0,1.2192
57,190,C-F FG,TSDBT,,10,0.3,0.972
402,645,C-F FG,TSDBT,,20,0.0,1.9496
403,646,C-F FG,TSDBT,,20,0.2,1.8143
404,647,C-F FG,TSDBT,,20,0.5,1.6609
405,648,C-F FG,TSDBT,,20,1.0,1.5022
406,649,C-F FG,TSDBT,,20,2.0,1.3711
407,650,C-F FG,TSDBT,,20,5.0,1.3046
408,651,C-F FG,TSDBT,,20,10.0,1.2653
64,197,C-F FG,TSDBT,,30,0.3,0.977
71,204,C-F FG,TSDBT,,100,0.3,0.977
472,715,S-S FG,TSDBT,,5,0.0,5.1643
473,716,S-S FG,TSDBT,,5,0.2,4.8472
474,717,S-S FG,TSDBT,,5,0.5,4.5417
475,718,S-S FG,TSDBT,,5,1.0,4.2643
476,719,S-S FG,TSDBT,,5,2.0,4.0174
477,720,S-S FG,TSDBT,,5,5.0,3.7174
478,721,S-S FG,TSDBT,,5,10.0,3.4624
15,148,S-S FG,TSDBT,,10,0.0,2.818
3,82,S-S FG,TSDBT,,10,0.2,5.0566
36,169,S-S FG,TSDBT,,10,0.3,2.749
542,785,S-S FG,TSDBT,,20,0.0,5.4606
543,786,S-S FG,TSDBT,,20,0.2,5.1147
544,787,S-S FG,TSDBT,,20,0.5,4.7884
545,788,S-S FG,TSDBT,,20,1.0,4.5024
546,789,S-S FG,TSDBT,,20,2.0,4.2682
547,790,S-S FG,TSDBT,,20,5.0,4.0063
548,791,S-S FG,TSDBT,,20,10.0,3.7386
22,155,S-S FG,TSDBT,,30,0.0,2.846
43,176,S-S FG,TSDBT,,30,0.3,2.775
29,162,S-S FG,TSDBT,,100,0.0,2.849
50,183,S-S FG,TSDBT,,100,0.3,2.779
