Case,Beam Type,Method,L/h,k,result
442,C-C FG,ASDBT,5,0.0,10.1099
443,C-C FG,ASDBT,5,0.2,9.5001
444,C-C FG,ASDBT,5,0.5,8.7802
445,C-C FG,ASDBT,5,1.0,7.9848
446,C-C FG,ASDBT,5,2.0,7.2082
447,C-C FG,ASDBT,5,5.0,6.5105
448,C-C FG,ASDBT,5,10.0,6.1918
212,C-C FG,ASDBT,10,0.3,5.874
512,C-C FG,ASDBT,20,0.0,12.2269
513,C-C FG,ASDBT,20,0.2,11.3884
514,C-C FG,ASDBT,20,0.5,10.4354
515,C-C FG,ASDBT,20,1.0,9.4446
516,C-C FG,ASDBT,20,2.0,8.6141
517,C-C FG,ASDBT,20,5.0,8.1569
518,C-C FG,ASDBT,20,10.0,7.8945
219,C-C FG,ASDBT,30,0.3,6.178
226,C-C FG,ASDBT,100,0.3,6.216
582,C-F FG,ASDBT,5,0.0,1.8955
583,C-F FG,ASDBT,5,0.2,1.7663
584,C-F FG,ASDBT,5,0.5,1.6187
585,C-F FG,ASDBT,5,1.0,1.4645
586,C-F FG,ASDBT,5,2.0,1.3341
587,C-F FG,ASDBT,5,5.0,1.2605
588,C-F FG,ASDBT,5,10.0,1.2192
191,C-F FG,ASDBT,10,0.3,0.97
652,C-F FG,ASDBT,20,0.0,1.9496
653,C-F FG,ASDBT,20,0.2,1.8143
654,C-F FG,ASDBT,20,0.5,1.6609
655,C-F FG,ASDBT,20,1.0,1.5022
656,C-F FG,ASDBT,20,2.0,1.3711
657,C-F FG,ASDBT,20,5.0,1.3046
658,C-F FG,ASDBT,20,10.0,1.2653
198,C-F FG,ASDBT,30,0.3,0.976
205,C-F FG,ASDBT,100,0.3,0.977
722,S-S FG,ASDBT,5,0.0,5.1665
723,S-S FG,ASDBT,5,0.2,4.8492
724,S-S FG,ASDBT,5,0.5,4.5435
725,S-S FG,ASDBT,5,1.0,4.2661
726,S-S FG,ASDBT,5,2.0,4.0189
727,S-S FG,ASDBT,5,5.0,3.7179
728,S-S FG,ASDBT,5,10.0,3.464
170,S-S FG,ASDBT,10,0.3,2.736
792,S-S FG,ASDBT,20,0.0,5.4607
793,S-S FG,ASDBT,20,0.2,5.1148
794,S-S FG,ASDBT,20,0.5,4.7885
795,S-S FG,ASDBT,20,1.0,4.5025
796,S-S FG,ASDBT,20,2.0,4.2682
797,S-S FG,ASDBT,20,5.0,4.0062
798,S-S FG,ASDBT,20,10.0,3.7386
149,S-S FG,ASDBT,10,0.0,2.804
156,S-S FG,ASDBT,30,0.0,2.844
177,S-S FG,ASDBT,30,0.3,2.774
163,S-S FG,ASDBT,100,0.0,2.849
184,S-S FG,ASDBT,100,0.3,2.778
267,C-C FG,CBT,5,0.0,12.1826
268,C-C FG,CBT,5,0.2,11.341
269,C-C FG,CBT,5,0.5,10.3875
270,C-C FG,CBT,5,1.0,9.3993
271,C-C FG,CBT,5,2.0,8.5772
272,C-C FG,CBT,5,5.0,8.1515
273,C-C FG,CBT,5,10.0,7.9041
206,C-C FG,CBT,10,0.3,6.188
309,C-C FG,CBT,20,0.0,12.4142
310,C-C FG,CBT,20,0.2,11.5549
311,C-C FG,CBT,20,0.5,10.5871
312,C-C FG,CBT,20,1.0,9.5907
313,C-C FG,CBT,20,2.0,8.3425
314,C-C FG,CBT,20,5.0,8.0797
315,C-C FG,CBT,20,10.0,7.9041
213,C-C FG,CBT,30,0.3,6.216
220,C-C FG,CBT,100,0.3,6.22
274,C-F FG,CBT,5,0.0,1.9385
275,C-F FG,CBT,5,0.2,1.8042
276,C-F FG,CBT,5,0.5,1.6524
277,C-F FG,CBT,5,1.0,1.4954
278,C-F FG,CBT,5,2.0,1.3655
279,C-F FG,CBT,5,5.0,1.2989
280,C-F FG,CBT,5,10.0,1.2593
185,C-F FG,CBT,10,0.3,0.975
316,C-F FG,CBT,20,0.0,1.9525
317,C-F FG,CBT,20,0.2,1.8171
318,C-F FG,CBT,20,0.5,1.6644
319,C-F FG,CBT,20,1.0,1.507
320,C-F FG,CBT,20,2.0,1.3771
321,C-F FG,CBT,20,5.0,1.3105
322,C-F FG,CBT,20,10.0,1.2699
192,C-F FG,CBT,30,0.3,0.977
199,C-F FG,CBT,100,0.3,0.977
281,S-S FG,CBT,5,0.0,5.3953
282,S-S FG,CBT,5,0.2,5.0538
283,S-S FG,CBT,5,0.5,4.7314
284,S-S FG,CBT,5,1.0,4.4488
285,S-S FG,CBT,5,2.0,4.2177
286,S-S FG,CBT,5,5.0,3.9617
287,S-S FG,CBT,5,10.0,3.6977
143,S-S FG,CBT,10,0.0,2.837
164,S-S FG,CBT,10,0.3,2.768
323,S-S FG,CBT,20,0.0,5.4777
324,S-S FG,CBT,20,0.2,5.1299
325,S-S FG,CBT,20,0.5,4.8024
326,S-S FG,CBT,20,1.0,4.5161
327,S-S FG,CBT,20,2.0,4.2832
328,S-S FG,CBT,20,5.0,4.0252
329,S-S FG,CBT,20,10.0,3.7568
150,S-S FG,CBT,30,0.0,2.847
171,S-S FG,CBT,30,0.3,2.778
157,S-S FG,CBT,100,0.0,2.849
178,S-S FG,CBT,100,0.3,2.779
428,C-C FG,ESDBT,5,0.0,10.1099
429,C-C FG,ESDBT,5,0.2,9.5001
430,C-C FG,ESDBT,5,0.5,8.7802
431,C-C FG,ESDBT,5,1.0,7.9848
432,C-C FG,ESDBT,5,2.0,7.2082
433,C-C FG,ESDBT,5,5.0,6.5105
434,C-C FG,ESDBT,5,10.0,6.1918
64,C-C FG,ESDBT,10,0.2,10.9384
209,C-C FG,ESDBT,10,0.3,5.873
498,C-C FG,ESDBT,20,0.0,12.2269
499,C-C FG,ESDBT,20,0.2,11.3884
500,C-C FG,ESDBT,20,0.5,10.4354
501,C-C FG,ESDBT,20,1.0,9.4446
502,C-C FG,ESDBT,20,2.0,8.6141
503,C-C FG,ESDBT,20,5.0,8.1569
504,C-C FG,ESDBT,20,10.0,7.8945
216,C-C FG,ESDBT,30,0.3,6.177
223,C-C FG,ESDBT,100,0.3,6.215
568,C-F FG,ESDBT,5,0.0,1.8959
569,C-F FG,ESDBT,5,0.2,1.7666
570,C-F FG,ESDBT,5,0.5,1.619
571,C-F FG,ESDBT,5,1.0,1.4647
572,C-F FG,ESDBT,5,2.0,1.3342
573,C-F FG,ESDBT,5,5.0,1.2602
574,C-F FG,ESDBT,5,10.0,1.2193
188,C-F FG,ESDBT,10,0.3,0.97
638,C-F FG,ESDBT,20,0.0,1.9496
639,C-F FG,ESDBT,20,0.2,1.8143
640,C-F FG,ESDBT,20,0.5,1.6609
641,C-F FG,ESDBT,20,1.0,1.5022
642,C-F FG,ESDBT,20,2.0,1.3711
643,C-F FG,ESDBT,20,5.0,1.3046
644,C-F FG,ESDBT,20,10.0,1.2653
195,C-F FG,ESDBT,30,0.3,0.977
202,C-F FG,ESDBT,100,0.3,0.977
708,S-S FG,ESDBT,5,0.0,5.1665
709,S-S FG,ESDBT,5,0.2,4.8492
710,S-S FG,ESDBT,5,0.5,4.5435
711,S-S FG,ESDBT,5,1.0,4.2661
712,S-S FG,ESDBT,5,2.0,4.0189
713,S-S FG,ESDBT,5,5.0,3.7179
714,S-S FG,ESDBT,5,10.0,3.464
146,S-S FG,ESDBT,10,0.0,2.804
70,S-S FG,ESDBT,10,0.2,5.057
167,S-S FG,ESDBT,10,0.3,2.737
778,S-S FG,ESDBT,20,0.0,5.4607
779,S-S FG,ESDBT,20,0.2,5.1148
780,S-S FG,ESDBT,20,0.5,4.7885
781,S-S FG,ESDBT,20,1.0,4.5025
782,S-S FG,ESDBT,20,2.0,4.2682
783,S-S FG,ESDBT,20,5.0,4.0062
784,S-S FG,ESDBT,20,10.0,3.7386
153,S-S FG,ESDBT,30,0.0,2.844
174,S-S FG,ESDBT,30,0.3,2.774
160,S-S FG,ESDBT,100,0.0,2.848
181,S-S FG,ESDBT,100,0.3,2.778
210,C-C FG,HSDBT,10,0.3,5.871
217,C-C FG,HSDBT,30,0.3,6.177
224,C-C FG,HSDBT,100,0.3,6.215
189,C-F FG,HSDBT,10,0.3,0.97
196,C-F FG,HSDBT,30,0.3,0.976
203,C-F FG,HSDBT,100,0.3,0.977
147,S-S FG,HSDBT,10,0.0,2.803
168,S-S FG,HSDBT,10,0.3,2.737
154,S-S FG,HSDBT,30,0.0,2.844
175,S-S FG,HSDBT,30,0.3,2.774
161,S-S FG,HSDBT,100,0.0,2.849
182,S-S FG,HSDBT,100,0.3,2.778
477,C-C FG,ICDBT,5,0.0,9.7796
478,C-C FG,ICDBT,5,0.2,9.2031
479,C-C FG,ICDBT,5,0.5,8.5178
480,C-C FG,ICDBT,5,1.0,7.7534
481,C-C FG,ICDBT,5,2.0,6.9967
482,C-C FG,ICDBT,5,5.0,6.3003
483,C-C FG,ICDBT,5,10.0,5.9591
124,C-C FG,ICDBT,10,0.2,10.8303
547,C-C FG,ICDBT,20,0.0,12.1891
548,C-C FG,ICDBT,20,0.2,11.3554
549,C-C FG,ICDBT,20,0.5,10.4069
550,C-C FG,ICDBT,20,1.0,9.4199
551,C-C FG,ICDBT,20,2.0,8.5909
552,C-C FG,ICDBT,20,5.0,8.1306
553,C-C FG,ICDBT,20,10.0,7.8634
617,C-F FG,ICDBT,5,0.0,1.8875
618,C-F FG,ICDBT,5,0.2,1.7593
619,C-F FG,ICDBT,5,0.5,1.613
620,C-F FG,ICDBT,5,1.0,1.4598
621,C-F FG,ICDBT,5,2.0,1.3299
622,C-F FG,ICDBT,5,5.0,1.2551
623,C-F FG,ICDBT,5,10.0,1.2128
687,C-F FG,ICDBT,20,0.0,1.949
688,C-F FG,ICDBT,20,0.2,1.8138
689,C-F FG,ICDBT,20,0.5,1.6606
690,C-F FG,ICDBT,20,1.0,1.5022
691,C-F FG,ICDBT,20,2.0,1.3713
692,C-F FG,ICDBT,20,5.0,1.3047
693,C-F FG,ICDBT,20,10.0,1.2651
757,S-S FG,ICDBT,5,0.0,5.1199
758,S-S FG,ICDBT,5,0.2,4.8074
759,S-S FG,ICDBT,5,0.5,4.505
760,S-S FG,ICDBT,5,1.0,4.2288
761,S-S FG,ICDBT,5,2.0,3.9802
762,S-S FG,ICDBT,5,5.0,3.6766
763,S-S FG,ICDBT,5,10.0,3.4209
130,S-S FG,ICDBT,10,0.2,5.0454
827,S-S FG,ICDBT,20,0.0,5.4572
828,S-S FG,ICDBT,20,0.2,5.1116
829,S-S FG,ICDBT,20,0.5,4.7856
830,S-S FG,ICDBT,20,1.0,4.4997
831,S-S FG,ICDBT,20,2.0,4.2652
832,S-S FG,ICDBT,20,5.0,4.0029
833,S-S FG,ICDBT,20,10.0,3.7351
470,C-C FG,ISDBT,5,0.0,9.7797
471,C-C FG,ISDBT,5,0.2,9.203
472,C-C FG,ISDBT,5,0.5,8.5177
473,C-C FG,ISDBT,5,1.0,7.7534
474,C-C FG,ISDBT,5,2.0,6.9967
475,C-C FG,ISDBT,5,5.0,6.3003
476,C-C FG,ISDBT,5,10.0,5.9591
112,C-C FG,ISDBT,10,0.2,10.8303
540,C-C FG,ISDBT,20,0.0,12.1891
541,C-C FG,ISDBT,20,0.2,11.3554
542,C-C FG,ISDBT,20,0.5,10.4069
543,C-C FG,ISDBT,20,1.0,9.4199
544,C-C FG,ISDBT,20,2.0,8.5909
545,C-C FG,ISDBT,20,5.0,8.1306
546,C-C FG,ISDBT,20,10.0,7.8634
610,C-F FG,ISDBT,5,0.0,1.8872
611,C-F FG,ISDBT,5,0.2,1.759
612,C-F FG,ISDBT,5,0.5,1.6125
613,C-F FG,ISDBT,5,1.0,1.4591
614,C-F FG,ISDBT,5,2.0,1.3289
615,C-F FG,ISDBT,5,5.0,1.2543
616,C-F FG,ISDBT,5,10.0,1.2123
680,C-F FG,ISDBT,20,0.0,1.949
681,C-F FG,ISDBT,20,0.2,1.8138
682,C-F FG,ISDBT,20,0.5,1.6604
683,C-F FG,ISDBT,20,1.0,1.5018
684,C-F FG,ISDBT,20,2.0,1.3707
685,C-F FG,ISDBT,20,5.0,1.3042
686,C-F FG,ISDBT,20,10.0,1.2648
750,S-S FG,ISDBT,5,0.0,5.1199
751,S-S FG,ISDBT,5,0.2,4.8073
752,S-S FG,ISDBT,5,0.5,4.505
753,S-S FG,ISDBT,5,1.0,4.2288
754,S-S FG,ISDBT,5,2.0,3.9802
755,S-S FG,ISDBT,5,5.0,3.6766
756,S-S FG,ISDBT,5,10.0,3.4209
118,S-S FG,ISDBT,10,0.2,5.0452
820,S-S FG,ISDBT,20,0.0,5.4572
821,S-S FG,ISDBT,20,0.2,5.1116
822,S-S FG,ISDBT,20,0.5,4.7856
823,S-S FG,ISDBT,20,1.0,4.4997
824,S-S FG,ISDBT,20,2.0,4.2652
825,S-S FG,ISDBT,20,5.0,4.0029
826,S-S FG,ISDBT,20,10.0,3.7351
484,C-C FG,ITDBT,5,0.0,9.7966
485,C-C FG,ITDBT,5,0.2,9.2179
486,C-C FG,ITDBT,5,0.5,8.5311
487,C-C FG,ITDBT,5,1.0,7.7653
488,C-C FG,ITDBT,5,2.0,7.003
489,C-C FG,ITDBT,5,5.0,6.2911
490,C-C FG,ITDBT,5,10.0,5.962
136,C-C FG,ITDBT,10,0.2,10.8313
554,C-C FG,ITDBT,20,0.0,12.1894
555,C-C FG,ITDBT,20,0.2,11.3556
556,C-C FG,ITDBT,20,0.5,10.4072
557,C-C FG,ITDBT,20,1.0,9.4201
558,C-C FG,ITDBT,20,2.0,8.5903
559,C-C FG,ITDBT,20,5.0,8.1274
560,C-C FG,ITDBT,20,10.0,7.8618
624,C-F FG,ITDBT,5,0.0,1.8874
625,C-F FG,ITDBT,5,0.2,1.7592
626,C-F FG,ITDBT,5,0.5,1.6126
627,C-F FG,ITDBT,5,1.0,1.4592
628,C-F FG,ITDBT,5,2.0,1.3289
629,C-F FG,ITDBT,5,5.0,1.2537
630,C-F FG,ITDBT,5,10.0,1.2121
694,C-F FG,ITDBT,20,0.0,1.949
695,C-F FG,ITDBT,20,0.2,1.8138
696,C-F FG,ITDBT,20,0.5,1.6604
697,C-F FG,ITDBT,20,1.0,1.5018
698,C-F FG,ITDBT,20,2.0,1.3707
699,C-F FG,ITDBT,20,5.0,1.3041
700,C-F FG,ITDBT,20,10.0,1.2647
764,S-S FG,ITDBT,5,0.0,5.1228
765,S-S FG,ITDBT,5,0.2,4.8099
766,S-S FG,ITDBT,5,0.5,4.5074
767,S-S FG,ITDBT,5,1.0,4.2311
768,S-S FG,ITDBT,5,2.0,3.9817
769,S-S FG,ITDBT,5,5.0,3.6752
770,S-S FG,ITDBT,5,10.0,3.4219
142,S-S FG,ITDBT,10,0.2,5.0454
834,S-S FG,ITDBT,20,0.0,5.4572
835,S-S FG,ITDBT,20,0.2,5.1116
836,S-S FG,ITDBT,20,0.5,4.7856
837,S-S FG,ITDBT,20,1.0,4.4997
838,S-S FG,ITDBT,20,2.0,4.2652
839,S-S FG,ITDBT,20,5.0,4.0026
840,S-S FG,ITDBT,20,10.0,3.735
449,C-C FG,PESDBT1,5,0.0,10.0858
456,C-C FG,PESDBT5,5,0.0,10.1767
463,C-C FG,PESDBT10,5,0.0,10.2373
450,C-C FG,PESDBT1,5,0.2,9.4789
457,C-C FG,PESDBT5,5,0.2,9.5581
464,C-C FG,PESDBT10,5,0.2,9.6093
451,C-C FG,PESDBT1,5,0.5,8.7614
458,C-C FG,PESDBT5,5,0.5,8.8294
465,C-C FG,PESDBT10,5,0.5,8.8136
452,C-C FG,PESDBT1,5,1.0,7.968
459,C-C FG,PESDBT5,5,1.0,8.0314
466,C-C FG,PESDBT10,5,1.0,8.0735
453,C-C FG,PESDBT1,5,2.0,7.1963
460,C-C FG,PESDBT5,5,2.0,7.2837
467,C-C FG,PESDBT10,5,2.0,7.3335
454,C-C FG,PESDBT1,5,5.0,6.512
461,C-C FG,PESDBT5,5,5.0,6.6822
468,C-C FG,PESDBT10,5,5.0,6.7596
455,C-C FG,PESDBT1,5,10.0,6.1809
462,C-C FG,PESDBT5,5,10.0,6.3258
469,C-C FG,PESDBT10,5,10.0,6.4115
519,C-C FG,PESDBT1,20,0.0,12.2256
526,C-C FG,PESDBT5,20,0.0,12.2396
533,C-C FG,PESDBT10,20,0.0,12.2464
520,C-C FG,PESDBT1,20,0.2,11.3873
527,C-C FG,PESDBT5,20,0.2,11.3991
534,C-C FG,PESDBT10,20,0.2,11.4047
521,C-C FG,PESDBT1,20,0.5,10.4344
528,C-C FG,PESDBT5,20,0.5,10.4443
535,C-C FG,PESDBT10,20,0.5,10.4491
522,C-C FG,PESDBT1,20,1.0,9.4438
529,C-C FG,PESDBT5,20,1.0,9.4529
536,C-C FG,PESDBT10,20,1.0,9.4574
523,C-C FG,PESDBT1,20,2.0,8.6138
530,C-C FG,PESDBT5,20,2.0,8.626
537,C-C FG,PESDBT10,20,2.0,8.6314
524,C-C FG,PESDBT1,20,5.0,8.1587
531,C-C FG,PESDBT5,20,5.0,8.1834
538,C-C FG,PESDBT10,20,5.0,8.1925
525,C-C FG,PESDBT1,20,10.0,7.8947
532,C-C FG,PESDBT5,20,10.0,7.9178
539,C-C FG,PESDBT10,20,10.0,7.9285
589,C-F FG,PESDBT1,5,0.0,1.8955
596,C-F FG,PESDBT5,5,0.0,1.8983
603,C-F FG,PESDBT10,5,0.0,1.8999
590,C-F FG,PESDBT1,5,0.2,1.7663
597,C-F FG,PESDBT5,5,0.2,1.7687
604,C-F FG,PESDBT10,5,0.2,1.77
591,C-F FG,PESDBT1,5,0.5,1.6187
598,C-F FG,PESDBT5,5,0.5,1.6207
605,C-F FG,PESDBT10,5,0.5,1.6218
592,C-F FG,PESDBT1,5,1.0,1.4645
599,C-F FG,PESDBT5,5,1.0,1.4664
606,C-F FG,PESDBT10,5,1.0,1.4674
593,C-F FG,PESDBT1,5,2.0,1.3341
600,C-F FG,PESDBT5,5,2.0,1.3366
607,C-F FG,PESDBT10,5,2.0,1.3378
594,C-F FG,PESDBT1,5,5.0,1.2605
601,C-F FG,PESDBT5,5,5.0,1.2658
608,C-F FG,PESDBT10,5,5.0,1.2678
595,C-F FG,PESDBT1,5,10.0,1.2192
602,C-F FG,PESDBT5,5,10.0,1.2241
609,C-F FG,PESDBT10,5,10.0,1.2265
659,C-F FG,PESDBT1,20,0.0,1.9496
666,C-F FG,PESDBT5,20,0.0,1.9498
673,C-F FG,PESDBT10,20,0.0,1.9499
660,C-F FG,PESDBT1,20,0.2,1.8143
667,C-F FG,PESDBT5,20,0.2,1.8145
674,C-F FG,PESDBT10,20,0.2,1.8146
661,C-F FG,PESDBT1,20,0.5,1.6609
668,C-F FG,PESDBT5,20,0.5,1.661
675,C-F FG,PESDBT10,20,0.5,1.6611
662,C-F FG,PESDBT1,20,1.0,1.5021
669,C-F FG,PESDBT5,20,1.0,1.5023
676,C-F FG,PESDBT10,20,1.0,1.5024
663,C-F FG,PESDBT1,20,2.0,1.3711
670,C-F FG,PESDBT5,20,2.0,1.3713
677,C-F FG,PESDBT10,20,2.0,1.3714
664,C-F FG,PESDBT1,20,5.0,1.3046
671,C-F FG,PESDBT5,20,5.0,1.305
678,C-F FG,PESDBT10,20,5.0,1.3052
665,C-F FG,PESDBT1,20,10.0,1.2653
672,C-F FG,PESDBT5,20,10.0,1.2656
679,C-F FG,PESDBT10,20,10.0,1.2658
729,S-S FG,PESDBT1,5,0.0,5.1629
736,S-S FG,PESDBT5,5,0.0,5.1729
743,S-S FG,PESDBT10,5,0.0,5.1807
730,S-S FG,PESDBT1,5,0.2,4.8459
737,S-S FG,PESDBT5,5,0.2,4.8546
744,S-S FG,PESDBT10,5,0.2,4.8612
731,S-S FG,PESDBT1,5,0.5,4.5405
738,S-S FG,PESDBT5,5,0.5,4.5483
745,S-S FG,PESDBT10,5,0.5,4.5542
732,S-S FG,PESDBT1,5,1.0,4.2632
739,S-S FG,PESDBT5,5,1.0,4.2712
746,S-S FG,PESDBT10,5,1.0,4.2775
733,S-S FG,PESDBT1,5,2.0,4.0165
740,S-S FG,PESDBT5,5,2.0,4.0299
747,S-S FG,PESDBT10,5,2.0,4.0383
734,S-S FG,PESDBT1,5,5.0,3.7178
741,S-S FG,PESDBT5,5,5.0,3.7469
748,S-S FG,PESDBT10,5,5.0,3.7603
735,S-S FG,PESDBT1,5,10.0,3.4617
742,S-S FG,PESDBT5,5,10.0,3.4846
749,S-S FG,PESDBT10,5,10.0,3.4986
799,S-S FG,PESDBT1,20,0.0,5.4606
806,S-S FG,PESDBT5,20,0.0,5.4618
813,S-S FG,PESDBT10,20,0.0,5.4624
800,S-S FG,PESDBT1,20,0.2,5.1147
807,S-S FG,PESDBT5,20,0.2,5.1157
814,S-S FG,PESDBT10,20,0.2,5.1163
801,S-S FG,PESDBT1,20,0.5,4.7884
808,S-S FG,PESDBT5,20,0.5,4.7893
815,S-S FG,PESDBT10,20,0.5,4.7898
802,S-S FG,PESDBT1,20,1.0,4.5024
809,S-S FG,PESDBT5,20,1.0,4.5034
816,S-S FG,PESDBT10,20,1.0,4.5039
803,S-S FG,PESDBT1,20,2.0,4.2682
810,S-S FG,PESDBT5,20,2.0,4.2697
817,S-S FG,PESDBT10,20,2.0,4.2704
804,S-S FG,PESDBT1,20,5.0,4.0064
811,S-S FG,PESDBT5,20,5.0,4.0094
818,S-S FG,PESDBT10,20,5.0,4.0105
805,S-S FG,PESDBT1,20,10.0,3.7386
812,S-S FG,PESDBT5,20,10.0,3.7411
819,S-S FG,PESDBT10,20,10.0,3.7423
421,C-C FG,PSDBT,5,0.0,10.0858
422,C-C FG,PSDBT,5,0.2,9.4789
423,C-C FG,PSDBT,5,0.5,8.7614
424,C-C FG,PSDBT,5,1.0,7.968
425,C-C FG,PSDBT,5,2.0,7.1963
426,C-C FG,PSDBT,5,5.0,6.512
427,C-C FG,PSDBT,5,10.0,6.1809
208,C-C FG,PSDBT,10,0.3,5.874
491,C-C FG,PSDBT,20,0.0,12.2256
492,C-C FG,PSDBT,20,0.2,11.3873
493,C-C FG,PSDBT,20,0.5,10.4344
494,C-C FG,PSDBT,20,1.0,9.4438
495,C-C FG,PSDBT,20,2.0,8.6138
496,C-C FG,PSDBT,20,5.0,8.1587
497,C-C FG,PSDBT,20,10.0,7.8947
215,C-C FG,PSDBT,30,0.3,6.178
222,C-C FG,PSDBT,100,0.3,6.215
561,C-F FG,PSDBT,5,0.0,1.8955
562,C-F FG,PSDBT,5,0.2,1.7663
563,C-F FG,PSDBT,5,0.5,1.6187
564,C-F FG,PSDBT,5,1.0,1.4645
565,C-F FG,PSDBT,5,2.0,1.3341
566,C-F FG,PSDBT,5,5.0,1.2605
567,C-F FG,PSDBT,5,10.0,1.2192
187,C-F FG,PSDBT,10,0.3,0.97
631,C-F FG,PSDBT,20,0.0,1.9496
632,C-F FG,PSDBT,20,0.2,1.8143
633,C-F FG,PSDBT,20,0.5,1.6609
634,C-F FG,PSDBT,20,1.0,1.5021
635,C-F FG,PSDBT,20,2.0,1.3711
636,C-F FG,PSDBT,20,5.0,1.3046
637,C-F FG,PSDBT,20,10.0,1.2653
194,C-F FG,PSDBT,30,0.3,0.976
201,C-F FG,PSDBT,100,0.3,0.977
701,S-S FG,PSDBT,5,0.0,5.1629
702,S-S FG,PSDBT,5,0.2,4.8459
703,S-S FG,PSDBT,5,0.5,4.5405
704,S-S FG,PSDBT,5,1.0,4.2632
705,S-S FG,PSDBT,5,2.0,4.0165
706,S-S FG,PSDBT,5,5.0,3.7178
707,S-S FG,PSDBT,5,10.0,3.4617
145,S-S FG,PSDBT,10,0.0,2.803
166,S-S FG,PSDBT,10,0.3,2.736
771,S-S FG,PSDBT,20,0.0,5.4606
772,S-S FG,PSDBT,20,0.2,5.1147
773,S-S FG,PSDBT,20,0.5,4.7884
774,S-S FG,PSDBT,20,1.0,4.5024
775,S-S FG,PSDBT,20,2.0,4.2682
776,S-S FG,PSDBT,20,5.0,4.0064
777,S-S FG,PSDBT,20,10.0,3.7386
152,S-S FG,PSDBT,30,0.0,2.844
173,S-S FG,PSDBT,30,0.3,2.774
159,S-S FG,PSDBT,100,0.0,2.849
180,S-S FG,PSDBT,100,0.3,2.778
288,C-C FG,TBT,5,0.0,10.0456
289,C-C FG,TBT,5,0.2,9.4267
290,C-C FG,TBT,5,0.5,8.7121
291,C-C FG,TBT,5,1.0,7.9401
292,C-C FG,TBT,5,2.0,7.2281
293,C-C FG,TBT,5,5.0,6.6826
294,C-C FG,TBT,5,10.0,6.3525
207,C-C FG,TBT,10,0.3,5.881
330,C-C FG,TBT,20,0.0,12.2252
331,C-C FG,TBT,20,0.2,11.385
332,C-C FG,TBT,20,0.5,10.432
333,C-C FG,TBT,20,1.0,9.4435
334,C-C FG,TBT,20,2.0,8.6203
335,C-C FG,TBT,20,5.0,8.1838
336,C-C FG,TBT,20,10.0,7.9215
214,C-C FG,TBT,30,0.3,6.179
221,C-C FG,TBT,100,0.3,6.216
295,C-F FG,TBT,5,0.0,1.9021
296,C-F FG,TBT,5,0.2,1.7717
297,C-F FG,TBT,5,0.5,1.6233
298,C-F FG,TBT,5,1.0,1.4688
299,C-F FG,TBT,5,2.0,1.3396
300,C-F FG,TBT,5,5.0,1.2706
301,C-F FG,TBT,5,10.0,1.2301
186,C-F FG,TBT,10,0.3,0.971
337,C-F FG,TBT,20,0.0,1.9501
338,C-F FG,TBT,20,0.2,1.8147
339,C-F FG,TBT,20,0.5,1.6612
340,C-F FG,TBT,20,1.0,1.5025
341,C-F FG,TBT,20,2.0,1.3715
342,C-F FG,TBT,20,5.0,1.3105
343,C-F FG,TBT,20,10.0,1.2661
193,C-F FG,TBT,30,0.3,0.977
200,C-F FG,TBT,100,0.3,0.977
302,S-S FG,TBT,5,0.0,5.1546
303,S-S FG,TBT,5,0.2,4.8364
304,S-S FG,TBT,5,0.5,4.5313
305,S-S FG,TBT,5,1.0,4.2566
306,S-S FG,TBT,5,2.0,4.0198
307,S-S FG,TBT,5,5.0,3.7464
308,S-S FG,TBT,5,10.0,3.4886
144,S-S FG,TBT,10,0.0,2.805
165,S-S FG,TBT,10,0.3,2.738
344,S-S FG,TBT,20,0.0,5.4605
345,S-S FG,TBT,20,0.2,5.1144
346,S-S FG,TBT,20,0.5,4.7881
347,S-S FG,TBT,20,1.0,4.5023
348,S-S FG,TBT,20,2.0,4.269
349,S-S FG,TBT,20,5.0,4.0095
350,S-S FG,TBT,20,10.0,3.7415
151,S-S FG,TBT,30,0.0,2.844
172,S-S FG,TBT,30,0.3,2.774
158,S-S FG,TBT,100,0.0,2.848
179,S-S FG,TBT,100,0.3,2.778
435,C-C FG,TSDBT,5,0.0,10.1099
436,C-C FG,TSDBT,5,0.2,9.5001
437,C-C FG,TSDBT,5,0.5,8.7802
438,C-C FG,TSDBT,5,1.0,7.9848
439,C-C FG,TSDBT,5,2.0,7.2082
440,C-C FG,TSDBT,5,5.0,6.5105
441,C-C FG,TSDBT,5,10.0,6.1918
76,C-C FG,TSDBT,10,0.2,10.9357
211,C-C FG,TSDBT,10,0.3,5.993
505,C-C FG,TSDBT,20,0.0,12.2269
506,C-C FG,TSDBT,20,0.2,11.3884
507,C-C FG,TSDBT,20,0.5,10.4354
508,C-C FG,TSDBT,20,1.0,9.4446
509,C-C FG,TSDBT,20,2.0,8.6141
510,C-C FG,TSDBT,20,5.0,8.1569
511,C-C FG,TSDBT,20,10.0,7.8945
218,C-C FG,TSDBT,30,0.3,6.193
225,C-C FG,TSDBT,100,0.3,6.215
575,C-F FG,TSDBT,5,0.0,1.8956
576,C-F FG,TSDBT,5,0.2,1.7664
577,C-F FG,TSDBT,5,0.5,1.6188
578,C-F FG,TSDBT,5,1.0,1.4646
579,C-F FG,TSDBT,5,2.0,1.3341
580,C-F FG,TSDBT,5,5.0,1.2603
581,C-F FG,TSDBT,5,10.0,1.2192
190,C-F FG,TSDBT,10,0.3,0.972
645,C-F FG,TSDBT,20,0.0,1.9496
646,C-F FG,TSDBT,20,0.2,1.8143
647,C-F FG,TSDBT,20,0.5,1.6609
648,C-F FG,TSDBT,20,1.0,1.5022
649,C-F FG,TSDBT,20,2.0,1.3711
650,C-F FG,TSDBT,20,5.0,1.3046
651,C-F FG,TSDBT,20,10.0,1.2653
197,C-F FG,TSDBT,30,0.3,0.977
204,C-F FG,TSDBT,100,0.3,0.977
715,S-S FG,TSDBT,5,0.0,5.1643
716,S-S FG,TSDBT,5,0.2,4.8472
717,S-S FG,TSDBT,5,0.5,4.5417
718,S-S FG,TSDBT,5,1.0,4.2643
719,S-S FG,TSDBT,5,2.0,4.0174
720,S-S FG,TSDBT,5,5.0,3.7174
721,S-S FG,TSDBT,5,10.0,3.4624
148,S-S FG,TSDBT,10,0.0,2.818
82,S-S FG,TSDBT,10,0.2,5.0566
169,S-S FG,TSDBT,10,0.3,2.749
785,S-S FG,TSDBT,20,0.0,5.4606
786,S-S FG,TSDBT,20,0.2,5.1147
787,S-S FG,TSDBT,20,0.5,4.7884
788,S-S FG,TSDBT,20,1.0,4.5024
789,S-S FG,TSDBT,20,2.0,4.2682
790,S-S FG,TSDBT,20,5.0,4.0063
791,S-S FG,TSDBT,20,10.0,3.7386
155,S-S FG,TSDBT,30,0.0,2.846
176,S-S FG,TSDBT,30,0.3,2.775
162,S-S FG,TSDBT,100,0.0,2.849
183,S-S FG,TSDBT,100,0.3,2.779
